,year,m,f,m (%),f (%)
0,2014,0,0,,
1,2015,8,0,100.0,0.0
2,2016,83,16,83.83838383838383,16.161616161616163
3,2017,58,17,77.33333333333333,22.666666666666668
4,2018,53,14,79.1044776119403,20.895522388059703
5,2019,48,17,73.84615384615384,26.153846153846153
6,2020,36,10,78.26086956521739,21.73913043478261
7,2021,30,9,76.92307692307692,23.076923076923077
8,2022,19,5,79.16666666666667,20.833333333333332
