,year,m,f,m (%),f (%)
0,2014,7,0,100.0,0.0
1,2015,23,1,95.83333333333333,4.166666666666667
2,2016,7,0,100.0,0.0
3,2017,47,3,94.0,6.0
4,2018,67,12,84.81012658227849,15.189873417721518
5,2019,55,8,87.3015873015873,12.698412698412698
6,2020,71,7,91.02564102564102,8.974358974358974
7,2021,61,10,85.91549295774648,14.084507042253522
8,2022,31,3,91.17647058823529,8.823529411764707
