,year,m,f,m (%),f (%)
0,2014,0,0,,
1,2015,0,0,,
2,2016,9,1,90.0,10.0
3,2017,4,2,66.66666666666667,33.333333333333336
4,2018,17,5,77.27272727272727,22.727272727272727
5,2019,18,0,100.0,0.0
6,2020,50,14,78.125,21.875
7,2021,43,11,79.62962962962963,20.37037037037037
8,2022,21,3,87.5,12.5
